species,volume_male,volume_female,voltinism,volume
Acasis appensata,9.30304770349325,8.61563457736785,1,8.61563457736785
Acasis viretata,10.2118704819766,15.7975826525572,1.5,15.7975826525572
Aglais urticae,,,2,146.946465968669
Agriades glandon glandon,23.0089368790395,14.6616081784011,1,14.6616081784011
Agrodiaetus admetus,41.6888190555232,21.6378849670559,1,21.6378849670559
Agrodiaetus ainsae,31.3604514291701,19.2525019181461,1,19.2525019181461
Agrodiaetus amanda,42.4920850627135,34.6599286711152,1,34.6599286711152
Agrodiaetus aroaniensis,30.4990751057189,19.8444644554159,1,19.8444644554159
Agrodiaetus damon,25.0280655455076,17.9131864913698,1,17.9131864913698
Agrodiaetus dolus dolus,46.6118100500026,31.6325688868207,1,31.6325688868207
Agrodiaetus escheri,32.1157961629918,24.6866134385271,1,24.6866134385271
Agrodiaetus fabressei,43.5625900019007,30.02187336734,1,30.02187336734
Agrodiaetus humedasae,27.6156504485381,21.2085896057841,1,21.2085896057841
Agrodiaetus iphigenia,20.6927320687134,14.8237092964607,1,14.8237092964607
Agrodiaetus pyrenaicus pyrenaicus,14.8670201768833,17.8957504172393,1,17.8957504172393
Agrodiaetus ripartii ripartii,37.9509895252911,25.7343122012991,1,25.7343122012991
Agrodiaetus thersites,26.9637304585767,18.3865822349257,2,18.3865822349257
Agrodiaetus violeta,31.4690749683073,25.2485823531896,1,25.2485823531896
Albulina orbitulus,18.7480847099367,17.3599989228841,1,17.3599989228841
Almeria kalischata,13.6549568091109,17.5299429226436,1.5,17.5299429226436
Amygdaloptera testaria,19.2531880771932,27.2093302431483,1,27.2093302431483
Anthocharis belia euphenoides,40.4710645710301,63.056120879867,1,63.056120879867
Anthocharis cardamines,62.9107035747302,86.8727851964275,1,86.8727851964275
Anthocharis damone,60.9151407940157,57.3575038914815,1,57.3575038914815
Anthocharis gruneri,48.1790531745761,23.6287777697782,1,23.6287777697782
Anthometra plumularia,9.22407237989902,7.10683548669212,1,7.10683548669212
Anticlea derivata,19.7700191470232,20.8730331598155,1,20.8730331598155
Anticollix sparsata,12.5797636905619,15.4214832377631,1,15.4214832377631
Antilurga alhambrata,16.1622138079994,14.3209942188862,1,14.3209942188862
Apatura ilia ilia,302.02900185684,267.737159808336,1.5,267.737159808336
Apatura iris,247.191200604559,264.83054167194,1,264.83054167194
Apatura metis,170.298054103743,236.155126488784,2,236.155126488784
Aphantopus hyperantus,26.7521141671638,37.5111625071117,1,37.5111625071117
Aplasta ononaria,17.377158834291,20.6621980842188,1.5,20.6621980842188
Aplocera annexata,83.003681430373,66.3607755037129,1,66.3607755037129
Aplocera bohatschi,,,2,24.1287072464451
Aplocera columbata,40.1421546507567,45.3527854729178,1,45.3527854729178
Aplocera efformata,38.5700378883651,34.00140001679,2,34.00140001679
Aplocera plagiata,62.9145472757153,66.1593647031478,2,66.1593647031478
Aporia crataegi,124.174066826596,167.333482061832,1,167.333482061832
Araschnia levana,37.1433067765546,38.8733734878723,2,38.8733734878723
Archiearis notha,46.8344600488877,44.0565708272086,1,44.0565708272086
Archiearis parthenias,59.8760637081171,95.2030607034077,1,95.2030607034077
Archiearis puella,52.1303044696703,63.5816735556583,1,63.5816735556583
Archon apollinus,277.667335467509,150.15633474933,1,150.15633474933
Arethusana arethusa arethusa,49.6610300981045,84.9696090297734,1,84.9696090297734
Argynnis adippe adippe,183.467146253577,247.319569138365,1,247.319569138365
Argynnis aglaja aglaja,236.474971568403,192.794082905496,1,192.794082905496
Argynnis laodice,164.742180541548,179.398597372803,1,179.398597372803
Argynnis niobe,145.877756028997,163.669567781353,1,163.669567781353
Argynnis pandora,355.4104626517,360.407473169763,1.5,360.407473169763
Argynnis paphia,219.418454181838,186.474589736195,1,186.474589736195
Aricia agestis,19.9610649426068,19.2390580421078,2,19.2390580421078
Aricia artaxerxes,17.8154968082018,15.1740172309257,1,15.1740172309257
Artogeia bryoniae,52.648803067361,52.8448378692048,1,52.8448378692048
Artogeia ergane,33.6439887379427,36.8187693745508,2.5,36.8187693745508
Artogeia krueperi,72.9329381302101,74.6344933969435,3,74.6344933969435
Artogeia mannii,54.9465812021642,42.3318832180001,3,42.3318832180001
Artogeia napi,,,2.5,45.1136334420513
Artogeia rapae,55.1684908103,52.8036869467053,3,52.8036869467053
Asthena albulata,6.39620751969878,5.83484609320215,1.5,5.83484609320215
Asthena anseraria,5.43955889702227,6.0406435324516,1,6.0406435324516
Boloria aquilonaris,59.0088662049617,68.2482500796893,1,68.2482500796893
Boloria graeca,64.8840038925758,86.6001985065385,1,86.6001985065385
Boloria napaea,83.9281220080628,84.0563639236459,1,84.0563639236459
Boloria pales pales,56.5422612900143,66.423770862742,1,66.423770862742
Brachyglossina hispanaria,14.4213715134915,14.2237245016749,1,14.2237245016749
Brenthis daphne,78.3660590491988,121.835525072093,1,121.835525072093
Brenthis hecate,63.5662061155916,62.3206849995912,1,62.3206849995912
Brenthis ino,82.5993233419326,63.384940957063,1,63.384940957063
Callophrys avis,25.0043432490079,23.7078694704157,1,23.7078694704157
Callophrys rubi,28.3319669771295,22.0255378291974,1,22.0255378291974
Camptogramma bilineata,33.8610626471767,29.5831247764283,2,29.5831247764283
Camptogramma grisescens,42.4887990405198,40.1583181807114,1,40.1583181807114
Camptogramma scripturata,22.6560700461471,22.3594431176762,1,22.3594431176762
Carcharodus alceae,79.9058036749726,105.481321728274,3,105.481321728274
Carcharodus boeticus,84.8583116116902,92.4303792768301,2,92.4303792768301
Carcharodus flocciferus,111.590189207554,121.695976894002,1.5,121.695976894002
Carcharodus lavatherae lavatherae,82.4689959497342,104.027074195599,1,104.027074195599
Carcharodus orientalis,90.7211002984891,121.435955200721,2.5,121.435955200721
Carsia lythoxylata,15.8794203859077,16.2620890520401,1,16.2620890520401
Carsia sororiata,11.0377857893277,14.4220925856516,1,14.4220925856516
Carterocephalus palaemon,42.5730238997818,62.7934551001624,1,62.7934551001624
Carterocephalus silvicolus,50.9072215458742,53.486956119074,1,53.486956119074
Casilda antophilaria,10.4410226990231,19.2556254779874,2.5,19.2556254779874
Casilda consecraria,12.0870337632998,11.1912363690071,2.5,11.1912363690071
Cataclysme riguata,20.3351435864216,17.2015759400694,2,17.2015759400694
Cataclysme uniformata,19.9207156251813,21.4935804592069,2,21.4935804592069
Catarhoe cuculata,,,1,29.7165943487949
Catarhoe permixtaria,16.568511668997,16.8423172920372,1,16.8423172920372
Catarhoe rubidata,18.4907219993398,25.7171610181705,1,25.7171610181705
Celastrina argiolus,20.9510630363103,18.570953263985,2,18.570953263985
Chazara briseis,113.092216499113,159.798409262222,1,159.798409262222
Chazara prieuri,117.610036627882,133.268487732164,1,133.268487732164
Chesias angeri,9.03012026162153,21.877560694617,1,21.877560694617
Chesias capriata,35.2318439437423,48.0833344530129,1,48.0833344530129
Chesias isabella,28.6351398815302,32.00582078812,1,32.00582078812
Chesias legatella,29.501881186676,38.5384763566462,1,38.5384763566462
Chesias rufata,33.2584365590169,33.0258168491739,1,33.0258168491739
Chilades trochylus,6.38940132470031,6.63600148633581,3,6.63600148633581
Chlorissa cloraria,13.7262423387392,16.8352833238897,2,16.8352833238897
Chlorissa viridata,18.011210060275,19.130239222292,1,19.130239222292
Chloroclysta miata,24.6064650343367,30.3028364112953,1,30.3028364112953
Chloroclysta siterata,27.5207668486373,31.1976231873442,1,31.1976231873442
Chloroclystis v-ata,14.0548693772554,17.7778646102594,1.5,17.7778646102594
Cinglis andalusiaria,9.88586114312951,14.4159204127848,2,14.4159204127848
Cleta filacearia,12.2065464178983,15.9445304968438,1,15.9445304968438
Cleta perpusillaria,5.41686951143548,1.41389811180313,1.5,1.41389811180313
Cleta ramosaria,7.35678758303044,5.79508448846571,1,5.79508448846571
Clossiana chariclea,64.8294686790842,76.6341154089272,1,76.6341154089272
Clossiana dia,57.1442117706456,54.8025715937429,2.5,54.8025715937429
Clossiana euphorysne,78.3366761733145,102.519028814378,1,102.519028814378
Clossiana freija,59.7231717382454,72.4950848666846,1,72.4950848666846
Clossiana frigga,77.8545139798434,76.9062626591009,1,76.9062626591009
Clossiana improba,39.1946932973839,51.3524186663381,1,51.3524186663381
Clossiana polaris,67.2744442222779,87.6696904999411,1,87.6696904999411
Clossiana selene,68.0845401653836,72.0495749247284,1.5,72.0495749247284
Clossiana thore thore,60.0250891671033,100.253218056836,1,100.253218056836
Clossiana titania titania,90.4959358572072,113.251710771404,1,113.251710771404
Coenocalpe lapidata,24.9941687920384,18.391959785341,1,18.391959785341
Coenocalpe millierata,25.9340387932942,30.3306724035204,1,30.3306724035204
Coenonympha arcania,24.5337033138366,32.0583785228925,1,32.0583785228925
Coenonympha corinna,16.2232205161132,20.1253707073741,3,20.1253707073741
Coenonympha dorus dorus,34.5382560068705,24.803601228518,1,24.803601228518
Coenonympha gardetta,20.4046458186938,37.9373817903759,1,37.9373817903759
Coenonympha glycerion glycerion,25.9725034232963,35.807648381986,1,35.807648381986
Coenonympha hero,25.8362771115287,26.7789348860635,1,26.7789348860635
Coenonympha leander leander,28.6400142176104,37.8231125681157,1,37.8231125681157
Coenonympha oedippus,41.2558517657822,62.4638529692356,1,62.4638529692356
Coenonympha pamphilus,18.9275921096038,19.1116950059554,3,19.1116950059554
Coenonympha rhodopensis,29.9249210491181,47.4716520585154,1,47.4716520585154
Coenonympha tullia tullia,23.5929671570402,29.4326889828471,1,29.4326889828471
Coenotephria salicata,21.5355795375978,16.1246975733153,2,16.1246975733153
Coenotephria tophaceata,16.7885342621686,22.6012369074246,1.5,22.6012369074246
Colias alfacariensis,100.202950622275,125.049006196177,2.5,125.049006196177
Colias aurorina,176.875781414941,156.664086871952,1,156.664086871952
Colias caucasia,117.674842813704,103.014910464726,1,103.014910464726
Colias chrysotheme,,,3,59.7133699981532
Colias crocea,107.656943070332,89.5079338625498,3,89.5079338625498
Colias erate,96.7139184522557,72.8650707626417,3,72.8650707626417
Colias hecla,80.8468675495229,75.1566595007757,1,75.1566595007757
Colias hyale,108.210376427133,93.0062538516386,2.5,93.0062538516386
Colias myrmidone,107.601275740964,82.9040040273059,2,82.9040040273059
Colias nastes,77.1110341183369,79.1954903397811,1,79.1954903397811
Colias palaeno,83.3917076300693,66.2739591604515,1,66.2739591604515
Colias phicomone,94.0942023130871,84.8096604215061,1,84.8096604215061
Colostygia aptata,12.0124970601358,13.3112558631801,1,13.3112558631801
Colostygia aqueata,9.41597626221498,18.5096495616569,1,18.5096495616569
Colostygia austriacaria,22.876573354092,27.0310094238143,1,27.0310094238143
Colostygia fitzi,14.9558987213514,21.1135067683853,1,21.1135067683853
Colostygia kollariaria,34.1919126503461,24.1408437427793,1,24.1408437427793
Colostygia laetaria,26.5963709597321,27.7947221325552,1,27.7947221325552
Colostygia olivata,24.1214356208582,22.5516284772674,1,22.5516284772674
Colostygia pectinataria,24.1463860830878,20.3137090298384,1.5,20.3137090298384
Colostygia puengeleri,,,1,23.9085770433008
Colostygia sericeata,20.1538104636997,20.4325344133425,1,20.4325344133425
Colostygia tempestaria,35.7308986529672,43.1801959855904,1,43.1801959855904
Colostygia turbata,,,1,23.2796407435378
Colostygia wolfschlaegerae,17.4015355964897,22.9557026057222,1,22.9557026057222
Colotis evagore,28.6223546995568,53.7846057690012,3,53.7846057690012
Comibaena bajularia,25.8452234803528,42.1567947943184,1,42.1567947943184
Comibaena pseudoneriaria,,,1,22.358014473093
Cosmorhoe ocellata,19.7322979335735,14.0960390235281,2,14.0960390235281
Costaconvexa polygrammata,15.8086743157969,24.3507520847051,2.5,24.3507520847051
Cupido lorquinii,14.0561198356545,11.4782845358008,1,11.4782845358008
Cupido minimus,8.84900499672466,7.0143665294082,1.5,7.0143665294082
Cupido osiris,12.1618516334003,12.402605012382,1.5,12.402605012382
Cyaniris semiargus semiargus,37.1572720217468,22.682582133128,2,22.682582133128
Cyclophora albiocellaria,17.129357545192,15.3807601172748,2,15.3807601172748
Cyclophora albipunctata,19.3780631273298,20.460512757967,2,20.460512757967
Cyclophora annularia,15.9154185053378,14.5663717233051,2,14.5663717233051
Cyclophora hyponoea,19.6791553653663,18.7951904129862,2.5,18.7951904129862
Cyclophora lennigiaria,17.8230347820483,19.2262910149531,2,19.2262910149531
Cyclophora linearia,24.0512143336279,27.3532642064915,2,27.3532642064915
Cyclophora pendularia,16.2780083453734,23.3728075492963,2,23.3728075492963
Cyclophora porata,19.9660905688433,21.6856006188144,2.5,21.6856006188144
Cyclophora punctaria,28.0666198703481,27.3873198866676,1.5,27.3873198866676
Cyclophora puppillaria,24.323012875861,23.9723697513292,3,23.9723697513292
Cyclophora quercimontaria,18.9574440625571,19.5313231589971,2,19.5313231589971
Cyclophora ruficiliaria,21.6323656694019,30.0307381946492,2,30.0307381946492
Cyclophora serveti,10.6980725881277,9.12003782033199,2,9.12003782033199
Cyclophora suppunctaria,21.0063656400253,28.402164146603,3,28.402164146603
Docirava dervenaria,26.839833596281,37.6998334351657,1,37.6998334351657
Dysstroma citrata,22.577876683182,25.4158175608899,1,25.4158175608899
Dysstroma infuscata,24.8959065338175,39.3493299918883,1,39.3493299918883
Dysstroma latefasciata,28.336193791341,32.3858155753064,1,32.3858155753064
Dysstroma truncata,31.425614194253,26.4336063373564,2,26.4336063373564
Earophila badiata,26.4075990164045,25.3575638681118,1,25.3575638681118
Ecliptopera capitata,16.6747848573683,20.957603426142,1,20.957603426142
Ecliptopera silaceata,20.2106192191086,26.5742528043967,2,26.5742528043967
Electrophaes corylata,29.8742998283456,31.2261099599953,1,31.2261099599953
Emmiltis pygmaearia,4.73262297879581,5.92007453636213,2,5.92007453636213
Entephria caesiata,38.7929091588018,29.2163363785273,1,29.2163363785273
Entephria contestata,30.6592760194161,38.2176777611191,1,38.2176777611191
Entephria cyanata,31.8041752162663,36.4231083753079,1,36.4231083753079
Entephria flavata,22.0452697896376,27.7965352868893,1,27.7965352868893
Entephria flavicinctata,17.0340522724711,23.8965480793546,1,23.8965480793546
Entephria infidaria,22.7035709656354,30.2697133324098,1,30.2697133324098
Entephria polata,17.9312412258624,21.9663022245129,1,21.9663022245129
Entephria punctipes,26.3823790249426,23.6070697271434,1,23.6070697271434
Epilobophora sabinata,36.2474982100658,40.741754780622,1,40.741754780622
Epirranthis diversata,45.6862899588594,48.3829597196265,1,48.3829597196265
Epirrhoe alternata,21.178055993696,27.2733427375355,2,27.2733427375355
Epirrhoe galiata,25.0324995108561,21.2445102114534,2,21.2445102114534
Epirrhoe hastulata,9.9662020349495,11.2267052987462,1.5,11.2267052987462
Epirrhoe molluginata,33.4735917987308,23.2413530066415,1,23.2413530066415
Epirrhoe pupillata,15.4788943607481,16.1674284305542,2,16.1674284305542
Epirrhoe rivata,33.0488211769013,26.7008095803933,1,26.7008095803933
Epirrhoe sandosaria,17.7770991337919,29.8935206608117,1.5,29.8935206608117
Epirrhoe tartuensis,29.4880663006238,23.0128378375298,1,23.0128378375298
Epirrita autumnata,30.9357152549454,24.8187456059125,1,24.8187456059125
Epirrita christyi,27.8535497969107,24.5138133909564,1,24.5138133909564
Epirrita dilutata,38.4225181155647,39.5587258093156,1,39.5587258093156
Epirrita filigrammaria,22.1196970983809,27.9610444787282,1,27.9610444787282
Erebia aethiopella,39.0573348697394,48.4579707756189,1,48.4579707756189
Erebia aethiops,48.983205509328,46.5961540791259,1,46.5961540791259
Erebia alberganus,62.6908049619021,80.0658863495938,1,80.0658863495938
Erebia calcaria,49.1310955938801,56.7057179678739,1,56.7057179678739
Erebia cassioides,39.4168859344889,56.2275330762335,1,56.2275330762335
Erebia christi,46.3824969998823,43.6945857753914,1,43.6945857753914
Erebia claudina,27.6997175005294,42.696230878965,1,42.696230878965
Erebia disa,62.713328109348,103.964279005084,1,103.964279005084
Erebia embla,65.1349984513651,65.5508424884678,1,65.5508424884678
Erebia epiphron silesiana,33.6779894549039,43.6270684699692,1,43.6270684699692
Erebia epistygne,52.1752658093205,65.1007593942194,1,65.1007593942194
Erebia eriphyle,30.3272690732671,53.3230972421529,1,53.3230972421529
Erebia euryale euryale,55.6458936482097,59.7819896269293,1,59.7819896269293
Erebia flavofasciata,28.9185072751994,43.6668340401456,1,43.6668340401456
Erebia gorge,43.0398950807839,54.8221452814042,1,54.8221452814042
Erebia gorgone,38.0275265170748,65.5621264065831,1,65.5621264065831
Erebia hispania,45.7127461848595,65.7237359480119,1,65.7237359480119
Erebia lefebvrei lefebvrei,47.2413186144797,70.1411403777512,1,70.1411403777512
Erebia ligea,43.9582123639652,64.0261207424553,1,64.0261207424553
Erebia manto manto,46.0554048890247,59.4563350053101,1,59.4563350053101
Erebia medusa medusa,45.7790196524434,56.4139151006005,1,56.4139151006005
Erebia melampus,30.5157812630341,35.2765594174924,1,35.2765594174924
Erebia melas schanerdae,66.4797063248182,83.90766199284,1,83.90766199284
Erebia meolans meolans,63.2003315878191,48.2644459938443,1,48.2644459938443
Erebia mnestra,44.6822228116411,52.9788595342647,1,52.9788595342647
Erebia montana montana,48.8571682404526,67.4418037206605,1,67.4418037206605
Erebia neoridas,53.8568600855927,59.1726133599212,1,59.1726133599212
Erebia nivalis,35.2699231329771,47.9095872514794,1,47.9095872514794
Erebia oeme oeme,61.8871293075195,83.8775119594865,1,83.8775119594865
Erebia orientalis,24.1006168540033,42.3948273711301,1,42.3948273711301
Erebia ottomana,59.9953413328114,64.6234161413559,1,64.6234161413559
Erebia palarica,71.5938163548338,98.4931428266497,1,98.4931428266497
Erebia pandrose,42.1953589810017,54.7988996652737,1,54.7988996652737
Erebia pharte pharte,32.6611110572545,42.5090891452595,1,42.5090891452595
Erebia pluto pluto,60.5727800150814,95.7506740442749,1,95.7506740442749
Erebia polaris,51.4406715678216,48.8454672270143,1,48.8454672270143
Erebia pronoe pronoe,56.5160960066223,70.6272575286608,1,70.6272575286608
Erebia rhodopensis,36.6187870633994,55.2298038227916,1,55.2298038227916
Erebia scipio,38.2009487939035,89.2261859718147,1,89.2261859718147
Erebia sthennyo,48.4486829565498,69.189008580878,1,69.189008580878
Erebia stirius,58.7972648098103,93.2119265346977,1,93.2119265346977
Erebia styx styx,65.3261845200782,113.615998847322,1,113.615998847322
Erebia sudetica sudetica,19.6551776600489,35.965444480461,1,35.965444480461
Erebia triaria triaria,53.8169455528008,75.789355865222,1,75.789355865222
Erebia tyndarus,33.4555063406988,47.493765558769,1,47.493765558769
Erebia zapateri,46.1043242119164,50.6443025297235,1,50.6443025297235
Erynnis marloyi,82.0056998715013,68.8511613691898,1,68.8511613691898
Erynnis tages,51.8657289426858,59.1685317842597,1.5,59.1685317842597
Euchloe ausonia,68.992206621565,61.7916293747975,2,61.7916293747975
Euchloe belemia,66.8877670652672,79.321706363795,2,79.321706363795
Euchoeca nebulata,8.31302773090561,13.0367486417384,1.5,13.0367486417384
Eucrostes indigenata,6.86976958267476,10.5254550352778,2.5,10.5254550352778
Eulithis mellinata,30.2110856813992,21.4583016895566,1,21.4583016895566
Eulithis peloponnesiaca,30.8101375978062,15.0388587949072,1,15.0388587949072
Eulithis populata,27.9912435456092,23.4970445428971,1,23.4970445428971
Eulithis prunata,37.0659048705853,50.6875705833941,1,50.6875705833941
Eulithis pyropata,27.9417179759068,55.9047189854863,1,55.9047189854863
Eulithis testata,32.1799202241712,38.0063086545462,1,38.0063086545462
Eumedonia eumedon,34.9275474577812,31.7519251823962,1,31.7519251823962
Euphyia adumbraria,28.8225418343044,19.4783506564424,1.5,19.4783506564424
Euphyia biangulata,22.3779768600788,32.6791609814959,1.5,32.6791609814959
Euphyia mesembrina,32.3318642642331,30.6994070135083,1,30.6994070135083
Euphyia unangulata,23.3709244135669,21.3104465181175,1.5,21.3104465181175
Eupithecia abbreviata,18.0408706247153,19.2767071017906,1,19.2767071017906
Eupithecia abietaria,23.8858077972008,28.3486101011898,1,28.3486101011898
Eupithecia absinthiata,13.7367181956727,22.333130940594,1.5,22.333130940594
Eupithecia actaeata,23.6203953123826,29.1566488429914,2,29.1566488429914
Eupithecia addictata,14.1925061443053,12.0018322678907,1,12.0018322678907
Eupithecia alliaria,13.4379967045565,21.8832599111799,1,21.8832599111799
Eupithecia analoga,13.5905301469298,15.4435691178651,1,15.4435691178651
Eupithecia antalica,8.89866209834758,9.36629691964602,1,9.36629691964602
Eupithecia assimilata,14.3659459380342,17.7512783350685,2,17.7512783350685
Eupithecia biornata,22.922602285014,28.4633191079863,1,28.4633191079863
Eupithecia breviculata,14.5533865624688,16.9970262696163,1,16.9970262696163
Eupithecia cauchiata,23.8585441214128,26.8628875264905,1,26.8628875264905
Eupithecia centaureata,20.2584519769602,25.4346043845694,2.5,25.4346043845694
Eupithecia cerussaria,13.4694835394547,16.3701088270768,1,16.3701088270768
Eupithecia chalikophila,20.5857872554946,17.9172219989632,1,17.9172219989632
Eupithecia cocciferata,19.898084376393,19.7954477551108,1,19.7954477551108
Eupithecia conterminata,7.14381614560265,9.06922532742351,1,9.06922532742351
Eupithecia cooptata,26.7570762773963,25.7311631936777,1,25.7311631936777
Eupithecia cuculliaria,8.75425608385529,13.0494417565398,1,13.0494417565398
Eupithecia denotata,,,1.5,23.2817405991834
Eupithecia denticulata,22.3893525350273,24.5004577545784,1,24.5004577545784
Eupithecia dissertata,,,1,25.8291869048215
Eupithecia distinctaria,12.7231005620884,13.2166248790479,1.5,13.2166248790479
Eupithecia dodoneata,,,1,13.2789298170439
Eupithecia druentiata,23.1136511150213,26.074227924416,1,26.074227924416
Eupithecia egenaria,18.5797449547879,24.8936285781931,1,24.8936285781931
Eupithecia ericeata,11.9206724696096,11.2672254749122,1,11.2672254749122
Eupithecia exiguata,16.791796750338,23.5440859023724,1,23.5440859023724
Eupithecia expallidata,20.5753911131885,32.2049735981892,1,32.2049735981892
Eupithecia extensaria,31.2400416368758,43.058808781302,1,43.058808781302
Eupithecia extraversaria,,,1.5,16.3003973850869
Eupithecia extremata,14.0848483794579,14.6087276912953,1,14.6087276912953
Eupithecia fennoscandica,7.37006680710383,7.3622844414664,1,7.3622844414664
Eupithecia fuscicostata,13.5465732446092,13.971555483006,1,13.971555483006
Eupithecia gemellata,14.6480269257286,18.2398075769205,2,18.2398075769205
Eupithecia graphata,13.2545280027471,15.7677325616366,2,15.7677325616366
Eupithecia gratiosata,35.4205317852599,53.4475971616664,1,53.4475971616664
Eupithecia groenblomi,19.9540492172073,19.1428112273837,1,19.1428112273837
Eupithecia gueneata,14.4787081551687,28.3756750911931,1,28.3756750911931
Eupithecia haworthiata,,,1,8.70064216276127
Eupithecia immundata,16.5772860325512,18.2270201018883,1,18.2270201018883
Eupithecia impurata,,,2,26.5291055459545
Eupithecia indigata,,,1,12.9825676178987
Eupithecia innotata,19.2932648137218,19.2161765568149,2,19.2161765568149
Eupithecia insigniata,18.2012028117172,20.4976957301777,1,20.4976957301777
Eupithecia inturbata,11.1550083506072,13.1856821369988,1,13.1856821369988
Eupithecia irriguata,10.3274022658484,11.9672659067762,1,11.9672659067762
Eupithecia lanceata,12.9396269647467,12.363094747577,1,12.363094747577
Eupithecia laquaearia,10.697083616014,14.0277839393746,1.5,14.0277839393746
Eupithecia lariciata,16.8231866216078,19.1255305295367,1,19.1255305295367
Eupithecia liguriata,7.52652110413156,11.1661205479298,1,11.1661205479298
Eupithecia limbata,10.5731686506228,12.4219989104423,2.5,12.4219989104423
Eupithecia linariata,18.479771591969,18.9389120270178,1.5,18.9389120270178
Eupithecia massiliata,7.3950537341404,13.4955718588288,1,13.4955718588288
Eupithecia millefoliata,27.0395582227972,31.9527289947858,1,31.9527289947858
Eupithecia minusculata,10.5819733756545,10.5816403476593,2,10.5816403476593
Eupithecia mystica,22.9963065043952,21.7653987244101,1,21.7653987244101
Eupithecia nanata,12.5449038265442,15.7580312333814,1.5,15.7580312333814
Eupithecia ochridata,21.2931933369759,31.219426866047,2,31.219426866047
Eupithecia orana,16.1693498414001,13.57783491148,2.5,13.57783491148
Eupithecia orphnata,,,1,18.860050556378
Eupithecia oxycedrata,12.2968388658575,13.3039958666771,2,13.3039958666771
Eupithecia pauxillaria,21.8590725202922,18.9142436110179,1,18.9142436110179
Eupithecia pernotata,20.3288453642862,25.553027387981,1,25.553027387981
Eupithecia phoeniceata,13.6279445904934,20.5053569602439,1,20.5053569602439
Eupithecia pimpinellata,25.560672687323,24.1042782999181,1.5,24.1042782999181
Eupithecia plumbeolata,10.2919866798978,12.4035602351532,1,12.4035602351532
Eupithecia praealta,29.6116100491086,18.0156065651464,1,18.0156065651464
Eupithecia pulchellata,16.4643500256987,28.0346065629472,1,28.0346065629472
Eupithecia pusillata,,,1.5,17.7990719419586
Eupithecia pygmaeata,11.2708973344172,11.4807522118673,1.5,11.4807522118673
Eupithecia pyreneata,,,1.5,16.7133420028096
Eupithecia quercetica,19.0668133975107,18.9417031450593,1,18.9417031450593
Eupithecia reisserata,,,1,11.2702072651014
Eupithecia riparia,10.5067251173864,14.7645001050547,2,14.7645001050547
Eupithecia rosmarinata,13.9983268925215,14.9005003522606,1,14.9005003522606
Eupithecia santolinata,36.6811788134973,29.2834633381054,1,29.2834633381054
Eupithecia satyrata,17.2822631958316,24.9339144485787,1,24.9339144485787
Eupithecia scalptata,17.204482159317,18.5271110835676,1,18.5271110835676
Eupithecia schiefereri,26.0094589792475,32.2457792860347,1,32.2457792860347
Eupithecia scopariata,13.7337767357323,14.2763744415478,2.5,14.2763744415478
Eupithecia selinata,12.0036107160044,18.0887329337154,2,18.0887329337154
Eupithecia semigraphata,22.9033427981285,22.8205484110003,1.5,22.8205484110003
Eupithecia senorita,5.96570530262676,11.6099941769345,2,11.6099941769345
Eupithecia silenata,15.677688384703,13.7134131324244,1,13.7134131324244
Eupithecia silenicolata,15.693394837355,25.5489065027404,2,25.5489065027404
Eupithecia simpliciata,21.2166944134161,36.8385507823036,1,36.8385507823036
Eupithecia sinuosaria,25.2674532269558,25.4950414141255,1,25.4950414141255
Eupithecia spadiceata,26.0613327273443,19.1482793967234,1,19.1482793967234
Eupithecia spissilineata,18.7887796413192,18.0040332457722,1,18.0040332457722
Eupithecia subfuscata,19.8482737605192,23.119198282822,1,23.119198282822
Eupithecia subumbrata,,,1,16.6723240984084
Eupithecia succenturiata,,,1,40.0984594157525
Eupithecia sutiliata,,,2.5,11.2425334042007
Eupithecia tantillaria,13.2138781739343,16.8047606357267,1.5,16.8047606357267
Eupithecia tenuiata,8.70004817433244,10.617227033725,1,10.617227033725
Eupithecia thalictrata,17.7957969161024,12.1801343117283,1,12.1801343117283
Eupithecia thurnerata,8.73090474564638,11.1685829827191,1,11.1685829827191
Eupithecia tripunctaria,18.5368834449217,18.9289115666588,1.5,18.9289115666588
Eupithecia trisignaria,20.0024173784221,20.0859942330661,1.5,20.0859942330661
Eupithecia ultimaria,,,2,12.4708726756008
Eupithecia undata,9.79629578445461,10.1830725946965,1,10.1830725946965
Eupithecia unedonata,12.9852507656298,19.2047814684515,2,19.2047814684515
Eupithecia unitaria,13.5797721496038,20.6121562245739,1,20.6121562245739
Eupithecia valerianata,12.8100696954769,11.8095118764471,1,11.8095118764471
Eupithecia variostrigata,15.8940836864669,27.0340481232398,1,27.0340481232398
Eupithecia venosata,28.4724105860526,31.9010395189613,1,31.9010395189613
Eupithecia veratraria,,,1,35.5668130735658
Eupithecia virgaureata,,,2,18.1831271086676
Eupithecia vulgata,11.7658705197038,13.6592014988362,1.5,13.6592014988362
Eupithecia weissi,18.2916849801185,25.7619889035239,1,25.7619889035239
Eurodryas aurinia,62.10027246574,93.1877573503518,1,93.1877573503518
Eurodryas desfontainii,78.1463391915091,147.292975356442,1,147.292975356442
Everes alcetas,13.7724875678349,16.8363208485058,3,16.8363208485058
Everes argiades,21.5236306410573,16.2407385196822,2,16.2407385196822
Everes decoloratus,17.2698169555314,11.5232414531234,3,11.5232414531234
Gagitodes sagittata,32.0690214362535,37.1002128229407,1,37.1002128229407
Gandaritis pyraliata,37.2257914110963,47.9758104441805,1,47.9758104441805
Gegenes nostrodamus,79.1875655286428,103.585794791919,2.5,103.585794791919
Gegenes pumilio,70.1446409992127,84.1386806649065,2.5,84.1386806649065
Geometra papilionaria,153.154729916834,208.034244192733,1,208.034244192733
Glaucopsyche alexis,24.3552014118233,18.5850004386156,1,18.5850004386156
Glaucopsyche melanops,21.3807010115975,13.6711185080668,1,13.6711185080668
Glossotrophia alba,12.9546241553533,33.4271671341386,1,33.4271671341386
Glossotrophia confinaria,17.5732742854258,26.0882540477325,3,26.0882540477325
Glossotrophia rufomixtaria,17.4698169559934,20.7321434536713,1.5,20.7321434536713
Gonepteryx cleopatra,157.237928107061,109.429263027503,1,109.429263027503
Gonepteryx farinosa,170.246200217328,213.946193335658,1,213.946193335658
Gonepteryx rhamni,147.894099094557,112.134595429863,1,112.134595429863
Gymnoscelis rufifasciata,9.66218487975378,15.4099733930146,2,15.4099733930146
Gypsochroa renitidata,9.43927960135894,15.5056173229314,2,15.5056173229314
Heliothea discoidaria,23.9925386576909,29.0268948016928,1,29.0268948016928
Hemistola chrysoprasaria,38.1889126145806,65.3248408307366,1.5,65.3248408307366
Hemithea aestivaria,29.1092152005176,36.5922279600929,1,36.5922279600929
Hesperia comma,85.8963129082008,96.1274004985781,1,96.1274004985781
Heteropterus morpheus,68.7547900051679,70.88251241825,1,70.88251241825
Heterothera serraria,20.347670876867,20.3666808341308,1,20.3666808341308
Hipparchia alcyone,115.061338415597,116.536232166764,1,116.536232166764
Hipparchia aristaeus aristaeus,119.142802355125,101.26229826157,1,101.26229826157
Hipparchia fagi,188.599109453046,181.074612999129,1,181.074612999129
Hipparchia semele,89.0030846627558,100.982702880628,1,100.982702880628
Hipparchia syriaca,92.6908106173039,157.145608526177,1,157.145608526177
Hipparchia volgenis,110.42393854733,152.18177198256,1,152.18177198256
Holoterpna pruinosata,55.338323088098,67.6353160888838,1,67.6353160888838
Horisme aemulata,24.2148758350837,34.0553635862452,1,34.0553635862452
Horisme aquata,11.9107490767149,24.3901405932614,1.5,24.3901405932614
Horisme calligraphata,22.0615970232999,18.5396659941647,1,18.5396659941647
Horisme radicaria,45.3726220175274,37.6491596119697,2,37.6491596119697
Horisme scorteata,37.3506915986742,45.5551144107696,3,45.5551144107696
Horisme tersata,31.037669458487,40.4503336300505,2,40.4503336300505
Horisme vitalbata,32.7888092592915,40.1952374787483,2,40.1952374787483
Hydrelia flammeolaria,8.4017619678401,8.9189429446469,1,8.9189429446469
Hydrelia sylvata,11.153417926417,7.83923211582908,1,7.83923211582908
Hydria cervinalis,61.7412953725678,63.856222828005,1,63.856222828005
Hydria gudarica,38.9777283170624,51.8587826297272,1,51.8587826297272
Hydria montivagata,,,1,43.671958819623
Hydria undulata,41.4108880214685,35.0109897978042,1,35.0109897978042
Hydriomena furcata,32.0573935075983,30.6212017956017,1,30.6212017956017
Hydriomena impluviata,28.9109731805876,37.5080598951382,1,37.5080598951382
Hydriomena ruberata,35.0476886001365,29.9696244196557,1,29.9696244196557
Hypodryas cynthia,56.5080371291301,93.2729416219585,1,93.2729416219585
Hypodryas iduna,55.7197716573088,85.4634573404214,1,85.4634573404214
Hypodryas intermedia,52.8123789153129,101.023317537712,1,101.023317537712
Hypodryas maturna,66.7634130739456,144.740523286249,1,144.740523286249
Hyponephele lupina,37.5879601834724,60.2786235384849,1,60.2786235384849
Hyponephele lycaon,37.5070213464041,61.9877610023413,1,61.9877610023413
Idaea admiranda,17.4063644679384,7.7901461410114,1,7.7901461410114
Idaea albarracina,12.0889586395954,12.6594511123531,2,12.6594511123531
Idaea albitorquata,13.0067081062518,15.6398253981531,2,15.6398253981531
Idaea alicantaria,3.00330335637275,4.92053683539099,1,4.92053683539099
Idaea alyssumata,13.2230627240792,12.6618206524003,2.5,12.6618206524003
Idaea attenuaria,9.42380345456533,2.56249573660631,1.5,2.56249573660631
Idaea aureolaria,14.6817149985339,24.8999096972134,1,24.8999096972134
Idaea aversata,31.697816374391,27.4406811716733,2,27.4406811716733
Idaea belemiata,9.64294304769676,15.7543928215007,1,15.7543928215007
Idaea bigladiata,,,3,14.2010883909124
Idaea biselata,16.2509824925388,14.3600790868058,1,14.3600790868058
Idaea blaesii,6.63065900420286,6.51593368737936,2,6.51593368737936
Idaea calunetaria,13.6419349386448,21.7334991044496,2.5,21.7334991044496
Idaea camparia,17.6527249445879,18.3292397657758,2.5,18.3292397657758
Idaea carvalhoi,6.25150414893017,10.7215498980206,1,10.7215498980206
Idaea cervantaria,12.316081673265,21.9918288306914,3,21.9918288306914
Idaea circuitaria,10.3970850739133,5.36048426501778,1,5.36048426501778
Idaea completa,6.79138004569869,7.17641675190753,2.5,7.17641675190753
Idaea consanguiberica,11.4927180822151,9.94075479791447,1,9.94075479791447
Idaea consanguinaria,16.9812053795384,16.2781388428313,1,16.2781388428313
Idaea consolidata,23.080242634799,22.6343538312577,2,22.6343538312577
Idaea contiguaria,16.1320901534424,19.7965708021988,1,19.7965708021988
Idaea degeneraria,15.3867765000729,20.0187447801846,2.5,20.0187447801846
Idaea deitanaria,5.12973310498144,3.86954944702768,2,3.86954944702768
Idaea determinata,29.9789336521008,25.2053409886542,1,25.2053409886542
Idaea deversaria,22.9090534110211,21.1743403074586,1,21.1743403074586
Idaea dilutaria,8.94593103959636,11.7024116869448,1,11.7024116869448
Idaea dimidiata,9.49290914283831,10.1206018806195,2,10.1206018806195
Idaea distinctaria,14.7380232691112,11.7020940793388,2.5,11.7020940793388
Idaea efflorata,7.84295669844495,7.96868104238178,1.5,7.96868104238178
Idaea elongaria,11.2601139582753,12.4721491403899,2,12.4721491403899
Idaea emarginata,19.7521670809963,18.2813220440621,1,18.2813220440621
Idaea eugeniata,23.3793695249144,15.9067386813212,2.5,15.9067386813212
Idaea exilaria,9.06373781363308,14.4863991777579,2,14.4863991777579
Idaea filicata,12.2615502429508,15.0829314880755,2.5,15.0829314880755
Idaea flaveolaria,7.41712047668414,10.9380509218629,1,10.9380509218629
Idaea fractilineata,9.71800820608349,9.53590099499293,1,9.53590099499293
Idaea fuscovenosa,13.9153367161039,7.86104189786129,1,7.86104189786129
Idaea humiliata,10.064625453824,11.6233809506369,1,11.6233809506369
Idaea incalcarata,6.94315205462913,8.56637957136021,2.5,8.56637957136021
Idaea incisaria,13.137939377394,13.0997263286979,2.5,13.0997263286979
Idaea infirmaria,8.12820646677471,10.023088028509,1,10.023088028509
Idaea inquinata,10.9413253868104,10.6015232706759,2,10.6015232706759
Idaea intermedia,6.4465951070915,8.26324013182487,3,8.26324013182487
Idaea korbi,,,1,11.7928885106226
Idaea laevigata,8.36917303372164,16.81032469975,2,16.81032469975
Idaea leipnitzi,9.84774471324089,6.54788172018975,1,6.54788172018975
Idaea libycata,23.4958784966467,22.0119974033158,2.5,22.0119974033158
Idaea litigiosaria,24.6143158813987,19.3129200515186,1,19.3129200515186
Idaea longaria,10.5849870016768,20.1399975948495,2.5,20.1399975948495
Idaea lusohispanica,15.071295094068,14.9512400190016,1,14.9512400190016
Idaea luteolaria,11.643095428659,11.0075514989949,1,11.0075514989949
Idaea lutulentaria,13.4942239540521,9.45262468621828,1,9.45262468621828
Idaea macilentaria,13.5625070721422,15.7060488494698,1,15.7060488494698
Idaea mancipiata,10.8560743119074,16.2765056849907,2,16.2765056849907
Idaea manicaria,4.17743662166124,10.2829182013834,2.5,10.2829182013834
Idaea mediaria,9.36915172610206,10.3460511646284,1,10.3460511646284
Idaea metohiensis,13.825793219072,15.0801054051978,1,15.0801054051978
Idaea minuscularia,8.45911328164529,8.47181593074373,3,8.47181593074373
Idaea moniliata,16.3068434388253,24.2384596170403,1,24.2384596170403
Idaea muricata,13.8165651919416,21.2918994311472,1,21.2918994311472
Idaea mustelata,11.0174434442264,7.28675553349308,1,7.28675553349308
Idaea mutilata,16.896976563457,19.180812418138,1,19.180812418138
Idaea nevadata,5.05838215010246,3.59231912346077,1,3.59231912346077
Idaea nigrolineata,4.63991516409597,7.00095823888358,1,7.00095823888358
Idaea nitidata,26.5019009724635,22.6995729745526,1,22.6995729745526
Idaea obliquaria,8.7965780180257,11.8484291183218,1,11.8484291183218
Idaea obsoletaria,8.48168677293804,17.8775438753591,1,17.8775438753591
Idaea ochrata,13.6850697880138,16.0515528326904,1,16.0515528326904
Idaea ossiculata,15.7668074417273,10.5613355363096,1,10.5613355363096
Idaea ostrinaria,17.7630033135572,15.9535307353083,1,15.9535307353083
Idaea palaestinensis,12.1732108603934,21.6303961474242,1.5,21.6303961474242
Idaea pallidata,18.6085495660749,15.8087266596049,1,15.8087266596049
Idaea politaria,9.70855197650195,8.5457269047179,1,8.5457269047179
Idaea predotaria,15.8753532237585,12.2762065091643,2,12.2762065091643
Idaea rainerii,8.63686754305049,14.2677575059613,1.5,14.2677575059613
Idaea rhodogrammaria,7.78142013858406,3.72942183194887,1,3.72942183194887
Idaea rubraria,32.3498753185421,25.0949264844058,1,25.0949264844058
Idaea rufaria,23.2042370055399,30.8045443619374,1,30.8045443619374
Idaea rupicolaria,12.6256670118619,15.2161839957052,1,15.2161839957052
Idaea rusticata,13.1325145865197,11.6774438285023,1,11.6774438285023
Idaea saleri,7.02473412054631,5.23696239541712,2.5,5.23696239541712
Idaea sardoniata,14.1630141670981,12.8953311971062,1,12.8953311971062
Idaea seriata,8.43221328842785,11.6781129189164,2,11.6781129189164
Idaea sericeata,13.6658098528611,12.1857675813,1,12.1857675813
Idaea serpentata,11.3107169035417,12.7148072753696,1,12.7148072753696
Idaea simplicior,15.7971977807443,25.2318964713415,1,25.2318964713415
Idaea spissilimbaria,8.25684839426978,11.4918784089171,1,11.4918784089171
Idaea squalidaria,11.1102714634812,6.47629075274494,1,6.47629075274494
Idaea straminata,33.7157865461858,17.0194790292708,1.5,17.0194790292708
Idaea subsericeata,13.7295181428296,24.3750843624256,2.5,24.3750843624256
Idaea sylvestraria,15.1550309800968,20.8875728938164,1,20.8875728938164
Idaea trigeminata,15.8201347132329,20.1634371727188,2,20.1634371727188
Idaea typicata,19.1352908911246,10.9317303553352,1.5,10.9317303553352
Idaea vesubiata,11.2160314377122,16.9037833274099,2,16.9037833274099
Iolana iolas,51.647722155073,65.1253605701499,1,65.1253605701499
Issoria lathonia,106.685587647944,110.722184047718,3,110.722184047718
Jodis lactearia,11.2015498577509,14.1216972133502,1.5,14.1216972133502
Jodis putata,6.9081649361939,8.89205971464969,1,8.89205971464969
Kanetisa circe,157.652342103056,199.200935200588,1,199.200935200588
Kirinia climene,,,1,88.13992078792
Kirinia roxelana,138.959410801465,113.142632896289,1,113.142632896289
Kretania eurypilus,28.4486493937589,20.9107686488493,1,20.9107686488493
Kuchleria insignata,21.2557556386928,17.836544294739,3,17.836544294739
Laeopsis roboris,39.6974421243009,39.4660361494345,1,39.4660361494345
Lampides boeticus,36.8156709521508,34.570469172447,3,34.570469172447
Lampropteryx otregiata,16.6099190864999,18.6021683800385,1.5,18.6021683800385
Lampropteryx suffumata,29.4136822841405,22.6454234087208,1,22.6454234087208
Larentia clavaria,,,1,69.8737171045179
Lasiommata maera maera,73.5889992808791,98.6379568331942,1.5,98.6379568331942
Lasiommata megera,52.3136818715342,63.7595968310124,2.5,63.7595968310124
Lasiommata petropolitana,49.1928108054332,50.8960791422436,1,50.8960791422436
Leptidea duponcheli,18.1172056893981,19.2239979216926,2,19.2239979216926
Leptidea morsei,24.3126874813931,22.2478198438717,2,22.2478198438717
Leptidea sinapis,22.8845605433256,25.0125734335078,2,25.0125734335078
Leptotes pirithous,16.8948780526128,11.4505476968165,3,11.4505476968165
Limenitis populi,250.199329315208,325.981192360876,1,325.981192360876
Lithostege castiliaria,12.0291385118149,8.80722129344856,1,8.80722129344856
Lithostege clarae,,,1,32.2326154390241
Lithostege coassata,25.4632230512028,17.3487879343827,1,17.3487879343827
Lithostege duponcheli,27.9469786837707,21.9419775604372,1,21.9419775604372
Lithostege farinata,24.8641266011807,41.9742180820291,1,41.9742180820291
Lobophora halterata,17.46593461783,19.8498711776767,1,19.8498711776767
Lopinga achine,61.2043815043046,82.3462358583972,1,82.3462358583972
Lycaena alciphron alciphron,51.5890606771352,57.0797481988386,1,57.0797481988386
Lycaena dispar,65.2530289796637,78.64486492828,1,78.64486492828
Lycaena helle,16.4852829972254,21.4225967471739,1,21.4225967471739
Lycaena hippothoe hippothoe,46.2937748661603,47.6426909334979,1.5,47.6426909334979
Lycaena ottomana,42.508880597598,46.0253740257635,2,46.0253740257635
Lycaena phlaeas,19.2241468843079,33.9276359020239,2.5,33.9276359020239
Lycaena thersamon,40.0673833314734,35.4853305229514,3,35.4853305229514
Lycaena thetis,42.119983897618,26.9140067375619,1,26.9140067375619
Lycaena tityrus tityrus,30.2782752690677,64.1741672377536,2.5,64.1741672377536
Lycaena virgaureae,37.9331289077067,47.9172364817793,1,47.9172364817793
Lysandra albicans,70.7423832859594,33.5973261986741,1,33.5973261986741
Lysandra bellargus,25.969479482204,26.4123229933448,2,26.4123229933448
Lysandra coridon,63.2416761617186,28.6337652358951,1.5,28.6337652358951
Lysandra hispana,37.6555668664639,32.8390320050678,2,32.8390320050678
Lythria cruentaria,10.9768342439326,13.6782864029158,2,13.6782864029158
Lythria plumularia,12.444162478686,13.8550460630066,1,13.8550460630066
Lythria purpuraria,14.6953295904584,23.6606213218653,2,23.6606213218653
Lythria sanguinaria,16.6544803218753,20.9616989670487,1.5,20.9616989670487
Maculinea alcon,29.612233623168,25.2385571691743,1,25.2385571691743
Maculinea arion arion,53.422336136521,50.6886561484537,1,50.6886561484537
Maculinea nausithous,39.0111341145784,33.2269678961785,1,33.2269678961785
Maculinea telejus,36.7943171612357,28.9865236053832,1,28.9865236053832
Malacodea regelaria,,,1,10.3148092353042
Maniola jurtina jurtina,62.6555231664487,74.9636709844165,1,74.9636709844165
Martania taeniata,12.4906118152114,19.3176102187727,1,19.3176102187727
Mattia callidaria,21.3704638661941,20.7534124555978,1,20.7534124555978
Melanargia arge,95.3391350267568,77.2055881384511,1,77.2055881384511
Melanargia galathea,79.5795680991534,68.984207329119,1,68.984207329119
Melanargia ines,93.0556498548996,96.9109066148379,1,96.9109066148379
Melanargia lachesis,64.0938540436699,68.8562707868974,1,68.8562707868974
Melanargia larissa,,,1,120.310743741034
Melanargia occitanica occitanica,82.8811606102369,134.954930741566,1,134.954930741566
Melanargia russiae cleanthe,76.1608909723791,125.938298113751,1,125.938298113751
Melanthia alaudaria,17.9397688700849,15.7493539886249,1,15.7493539886249
Melanthia procellata,37.6899595413067,33.6714338584719,2,33.6714338584719
Meleageria daphnis,49.1425880596569,37.8847086095765,1,37.8847086095765
Melitaea aetherica,146.244613710031,163.911043629019,1.5,163.911043629019
Melitaea arduinna,92.152407588395,126.307516852239,1,126.307516852239
Melitaea cinxia,88.0766638132977,117.863057078241,1.5,117.863057078241
Melitaea diamina diamina,49.4525122290916,59.7507149258297,1.5,59.7507149258297
Melitaea didyma didyma,62.6823066446945,60.43283708606,2.5,60.43283708606
Melitaea phoebe phoebe,63.2197265203419,84.4424154376721,2,84.4424154376721
Melitaea trivia trivia,62.3115461431374,75.5201953154867,2,75.5201953154867
Mellicta asteria,23.5074477195489,28.9938302216677,1,28.9938302216677
Mellicta athalia athalia,59.9345943782582,68.6247158494156,1,68.6247158494156
Mellicta aurelia,35.3097557363304,47.3763010884088,1,47.3763010884088
Mellicta britomartis,40.9924858617854,39.3584776929973,1.5,39.3584776929973
Mellicta deione deione,70.5953944252304,86.032874385853,2,86.032874385853
Mellicta parthenoides,39.857882309199,52.8680239002891,1.5,52.8680239002891
Mellicta varia,43.7828982619211,56.6083262099366,1,56.6083262099366
Mesoleuca albicillata,29.9265376038338,35.7441493431137,1,35.7441493431137
Mesotype parallelolineata,23.9933577193214,27.4408041822079,1,27.4408041822079
Mesotype verberata,30.2252361988443,35.9936407760121,1,35.9936407760121
Microloxia herbaria,10.654406292215,15.0185101292393,3,15.0185101292393
Minoa murinata,6.69268300284411,9.7070962289985,2,9.7070962289985
Muschampia cribrellum,60.0591941578952,102.151396527744,1,102.151396527744
Muschampia proto,75.6736193612003,87.8893060838,1,87.8893060838
Muschmpia tessellum,117.848421501279,147.031620447752,1,147.031620447752
Myinodes interpunctaria,11.2692257462908,3.79904478600733,1,3.79904478600733
Nebula achromaria,17.897696939665,20.6312114395766,2,20.6312114395766
Nebula ibericata,12.2375730548648,16.3296505807388,2,16.3296505807388
Nebula nebulata,16.94428010748,24.5633450122651,1,24.5633450122651
Nebula senectaria,11.4930321450625,16.9128572196119,2,16.9128572196119
Neohipparchia fatua,163.383321219633,164.412138970905,1,164.412138970905
Neohipparchia statilinus statilinus,97.5238132958306,132.376499591251,1,132.376499591251
Neolysandra coelestina,29.4471904934546,29.9114026917721,1,29.9114026917721
Nothocasis sertata,16.1435338960305,23.0548716738643,1,23.0548716738643
Oar reaumuraria,9.11108190859026,11.6645315627976,3,11.6645315627976
Ochlodes venatus,90.6503356080515,102.678619912369,1.5,102.678619912369
Oeneis bore,35.8872986924312,55.7246948717472,1,55.7246948717472
Oeneis glacialis,59.6165740906774,117.686171420604,1,117.686171420604
Oeneis jutta,66.2729760071899,86.7374526603522,1,86.7374526603522
Oeneis norna,41.9775309485274,66.8035063618759,1,66.8035063618759
Operophtera brumata,,,1,30.0737744252496
Operophtera fagata,,,1,20.9237544648453
Orthonama obstipata,14.3794534335228,15.6153227030628,3,15.6153227030628
Orthonama vittata,22.692743711038,21.3312119067019,2,21.3312119067019
Orthostixis cribraria,23.2625001119278,14.3413376243117,1,14.3413376243117
Oulobophora internata,14.2764881462293,15.3009690681919,1,15.3009690681919
Papilio alexanor,,,1,446.559726195584
Pararge aegeria aegeria,33.1392512601103,37.5827911807186,2.5,37.5827911807186
Pareulype berberata,26.2896615897405,26.0032288247517,2,26.0032288247517
Parnassius apollo,,,1,434.810150944648
Parnassius mnemosyne athene,,,1,109.062271280115
Parnassius phoebus,286.375332452512,376.359641310925,1,376.359641310925
Pasiphila chloerata,13.6296390402434,18.0414269587053,1,18.0414269587053
Pasiphila debiliata,17.882345436995,19.5301383372503,1,19.5301383372503
Pasiphila rectangulata,22.7591981578549,32.5693449138656,1,32.5693449138656
Pelurga comitata,25.5097516792871,29.8692323063736,1,29.8692323063736
Pennithera firmata,19.0077656512355,40.5248261099381,1,40.5248261099381
Perizoma affinitata,27.6210289299698,18.9598862736025,1,18.9598862736025
Perizoma alchemillata,,,1.5,12.5716291679915
Perizoma bifaciata,10.3552060345633,12.9995587282835,1.5,12.9995587282835
Perizoma blandiata,8.95825510986275,12.8165311558117,1,12.8165311558117
Perizoma flavofasciata,18.2262661855404,26.7572822389012,1.5,26.7572822389012
Perizoma hydrata,11.965794021656,20.4675504036291,1.5,20.4675504036291
Perizoma incultaria,,,1,11.0861916567046
Perizoma lugdunaria,15.6658818560788,15.024873688033,1,15.024873688033
Perizoma minorata,7.45331187510774,9.38979422052875,1,9.38979422052875
Perizoma obsoletata,19.8191203284412,25.191082473313,1,25.191082473313
Phaiogramma etruscaria,12.998626548167,20.3552436474495,2,20.3552436474495
Phaiogramma faustinata,15.7598611287687,26.121210241938,3,26.121210241938
Phibalapteryx virgata,14.8893952927301,12.645631933281,2,12.645631933281
Philereme transversata,44.2846499703315,38.6441102471265,1,38.6441102471265
Philereme vetulata,24.8141654709976,25.6116000573039,1,25.6116000573039
Pieris brassicae,96.0772596822403,82.2210774689525,3,82.2210774689525
Plebejus argus argus,13.5303339402685,14.7044796191083,2,14.7044796191083
Plebejus argyrognomon,17.8820756491471,22.3486005013089,1.5,22.3486005013089
Plebejus idas idas,16.6001778624702,22.534140886899,1.5,22.534140886899
Plebejus pylaon sephirus,,,1,23.965477969328
Plebicula dorylas,42.3470327159845,23.9590427843435,1.5,23.9590427843435
Plebicula golgus golgus,24.8771068310786,21.031406022917,1,21.031406022917
Plebicula nivescens,28.8404359684773,27.729249339029,1,27.729249339029
Plemyria rubiginata,13.3807114670504,33.4360993049635,1,33.4360993049635
Polygonia c-album,138.641733127899,142.503968786368,2,142.503968786368
Polygonia egea,159.771998190515,123.075564363847,2.5,123.075564363847
Polyommatus eros,27.8361076711739,18.2699296108194,1,18.2699296108194
Polyommatus icarus icarus,31.3634902665239,19.7446371587171,2,19.7446371587171
Pontia callidice,74.9946403121546,66.3908650210039,1,66.3908650210039
Pontia chloridice,35.0469037533567,33.1581397197409,2,33.1581397197409
Pontia daplidice,78.1941189503931,83.6891487323349,3,83.6891487323349
Problepsis ocellata,77.7837646511755,71.972678560635,2,71.972678560635
Proclossiana eunomia eunomia,,,1,68.6537486631537
Proterebia afra,70.6359197047453,69.6897091718336,1,69.6897091718336
Proteuchloris neriaria,20.459101895796,28.9353284130333,2,28.9353284130333
Pseudaricia nicias,22.9335990363096,15.8029820818567,1,15.8029820818567
Pseudochazara anthelea anthelea,64.9565859269211,129.772283012213,1,129.772283012213
Pseudochazara cingovskii,120.348945203749,112.40880581226,1,112.40880581226
Pseudochazara geyeri,71.6056290902337,80.7392271636472,1,80.7392271636472
Pseudochazara graeca graeca,123.860210044115,57.4319926473036,1,57.4319926473036
Pseudochazara mniszechii,87.6386690352876,105.334794651652,1,105.334794651652
Pseudochazara orestes,119.719749460764,135.716762797288,1,135.716762797288
Pseudophilotes abencerragus,11.9302966959185,8.45813454209089,1.5,8.45813454209089
Pseudophilotes baton,13.2241561806107,11.7965804042201,1.5,11.7965804042201
Pseudophilotes bavius macedonicus,,,1,12.0353972692018
Pseudophilotes panoptes,13.4156923114699,12.4533863679661,2,12.4533863679661
Pseudophilotes vicrama,13.1690772535729,15.5326521755907,2,15.5326521755907
Pseudotergumia fidia,86.0325243237068,79.4343072047629,1,79.4343072047629
Pseudoterpna coronillaria,43.6916749527852,54.6164009100864,2,54.6164009100864
Pseudoterpna corsicaria,38.8380884338617,42.6980370506765,1,42.6980370506765
Pseudoterpna pruinata,51.1318721695793,65.1376146072978,1,65.1376146072978
Pterapherapteryx sexalata,7.43589651609087,9.21356818797365,1,9.21356818797365
Pyrgus alveus alveus,77.0877214690295,59.9633888518117,1,59.9633888518117
Pyrgus andromedae,61.902599075127,62.1186693487398,1,62.1186693487398
Pyrgus armoricanus,59.7355430834529,60.3868150860374,1.5,60.3868150860374
Pyrgus cacaliae,60.3692300492915,74.2658854051787,1,74.2658854051787
Pyrgus carlinae carlinae,39.00078866094,65.5215862308066,1,65.5215862308066
Pyrgus carlinae cirsii,,,1,97.297315639141
Pyrgus carthami carthami,68.7314848039912,91.7553104964382,1,91.7553104964382
Pyrgus centaureae,46.0783600280552,56.4643538421691,1,56.4643538421691
Pyrgus cinarae,91.1937661252296,117.212291548548,1,117.212291548548
Pyrgus foulquieri,82.7573950212461,82.4725040193265,1,82.4725040193265
Pyrgus malvae,31.1693174973724,36.2560184061576,1.5,36.2560184061576
Pyrgus onopordi,53.05192569711,78.6928010979102,2.5,78.6928010979102
Pyrgus serratulae,58.7050346064961,67.2047371664095,1,67.2047371664095
Pyrgus sidae sidae,86.182671191882,120.232113824504,1,120.232113824504
Pyrgus warrenensis,35.5988698283962,40.3855972704542,1,40.3855972704542
Pyronia bathseba,41.6024058423396,59.3509067142729,1,59.3509067142729
Pyronia cecilia,25.2764085697431,48.4738203978957,1,48.4738203978957
Pyronia tithonus,28.9772283381833,32.7790820005069,1,32.7790820005069
Quercusia quercus,71.806549865862,54.5658774460303,1,54.5658774460303
Rheumaptera hastata,27.6140691172742,30.5105098484822,1,30.5105098484822
Rhodometra sacraria,14.9567256966209,20.5862107644858,3,20.5862107644858
Rhodostrophia badiaria,25.0335191289245,38.7935109057002,1,38.7935109057002
Rhodostrophia calabra,39.3871272383396,48.5216631555525,1,48.5216631555525
Rhodostrophia pudorata,48.4297972899683,38.3563884900064,1,38.3563884900064
Rhodostrophia vibicaria,32.371049035379,38.1541009823819,1,38.1541009823819
Satyrium acaciae,21.3010953899369,32.014903783593,1,32.014903783593
Satyrium esculi,36.4546377093783,34.1397735625906,1,34.1397735625906
Satyrium ilicis,35.1897440052473,37.7737612536394,1,37.7737612536394
Satyrium pruni,26.4581736863597,30.5956252248793,1,30.5956252248793
Satyrium spini,40.9641531723396,37.1394263004239,1,37.1394263004239
Satyrium w-album,34.8189686074286,26.0177731621111,1,26.0177731621111
Satyrus actaea,72.9480801800637,64.4099899541661,1,64.4099899541661
Satyrus ferula,139.400027321505,170.756836614729,1,170.756836614729
Schistostege decussata,28.9859212378072,24.2408707424843,1,24.2408707424843
Schistostege nubilaria,28.1716354108051,31.8651777348064,1,31.8651777348064
Scolitantides orion lariana,19.2308353057386,12.5904617666413,1.5,12.5904617666413
Scopula caricaria,16.5261311532091,9.34646378876293,1.5,9.34646378876293
Scopula concinnaria,37.2207645435047,44.5583576039013,1,44.5583576039013
Scopula corrivalaria,19.7097722723835,21.0592555148792,1.5,21.0592555148792
Scopula decolor,29.5372777298941,18.1270996001086,3,18.1270996001086
Scopula decorata,17.6373869970726,18.5937710116033,2,18.5937710116033
Scopula emutaria,14.4357994738077,15.5830760208977,2,15.5830760208977
Scopula flaccidaria,16.5266973973509,18.2729479658136,2,18.2729479658136
Scopula floslactata,28.7083834029894,24.9132706093506,1,24.9132706093506
Scopula frigidaria,9.45191349317608,7.15085073270368,1,7.15085073270368
Scopula honestata,24.0972310578912,22.9571127851478,1,22.9571127851478
Scopula imitaria,21.0957712793978,21.6693724053907,2,21.6693724053907
Scopula immorata,23.7511654545767,46.189796167574,2,46.189796167574
Scopula immutata,18.1019929857484,21.604268449507,1.5,21.604268449507
Scopula incanata,26.2608523130271,24.8785936641834,2,24.8785936641834
Scopula luridata,16.6192259914041,16.0898756999369,3,16.0898756999369
Scopula marginepunctata,19.1333694156248,20.8709268387787,2,20.8709268387787
Scopula minorata,10.1452493961645,10.8546666669152,3,10.8546666669152
Scopula nemoraria,16.842997166724,24.0658764445552,1,24.0658764445552
Scopula nigropunctata,35.247378882494,30.0079600263091,1,30.0079600263091
Scopula ochraceata,15.5564145057933,17.4345751942429,2,17.4345751942429
Scopula orientalis,31.0618851936501,34.5039005726815,1,34.5039005726815
Scopula ornata,17.8757245659725,18.0731633404663,2.5,18.0731633404663
Scopula rubellata,18.9907443448872,23.4579083397707,2.5,23.4579083397707
Scopula rubiginata,12.1726991587628,9.85825185338466,2,9.85825185338466
Scopula scalercii,25.6248004725677,10.8076501862656,2,10.8076501862656
Scopula submutata,27.9183324280195,24.9705933478504,2,24.9705933478504
Scopula subpunctaria,37.2195374639604,23.6312340236534,1,23.6312340236534
Scopula ternata,20.9364435969656,18.8273537691882,1,18.8273537691882
Scopula tessellaria,19.4289804113004,24.6395044769204,1,24.6395044769204
Scopula turbulentaria,12.418546572523,20.995210900428,2.5,20.995210900428
Scopula umbelaria,43.9147078321427,41.4620414732522,1,41.4620414732522
Scopula vigilata,10.7151820151732,14.3304177335878,3,14.3304177335878
Scopula virgulata,19.0271335842844,19.5215021003157,2,19.5215021003157
Scotopteryx alfacaria,37.1899357992348,56.2024440477376,1,56.2024440477376
Scotopteryx angularia,76.3474671136542,68.550126543828,1,68.550126543828
Scotopteryx bipunctaria,55.8434667993961,54.1369675255258,1,54.1369675255258
Scotopteryx chenopodiata,43.2191467612946,64.7087707889539,1,64.7087707889539
Scotopteryx coarctaria,33.5705563753346,30.6537723162858,1,30.6537723162858
Scotopteryx coelinaria,52.8239536208669,60.4064995646439,1,60.4064995646439
Scotopteryx luridata,28.7423428448925,33.0608359428483,1.5,33.0608359428483
Scotopteryx moeniata,33.1854049989458,51.7594827537885,1,51.7594827537885
Scotopteryx mucronata,48.2764831041836,42.582123653549,1,42.582123653549
Scotopteryx octodurensis,55.4795983015107,51.9305798172927,1,51.9305798172927
Scotopteryx olympia,29.5280179189001,29.4262938315654,1,29.4262938315654
Scotopteryx peribolata,28.3445473355067,29.0272493637513,1,29.0272493637513
Scotopteryx vicinaria,25.3952800385563,25.7668158439756,1.5,25.7668158439756
Solitanea mariae,10.9373626421674,27.172572321278,2.5,27.172572321278
Spialia orbifer,53.2474391298,67.3860768062458,2,67.3860768062458
Spialia phlomidis,73.676403095455,97.8137168897579,1,97.8137168897579
Spialia sertorius setorius,49.3338113690238,57.8806233560521,2,57.8806233560521
Tarucus balcanicus,12.984207199752,8.78270173661776,3,8.78270173661776
Tarucus theophrastus,16.6566495899618,14.4673311354188,3,14.4673311354188
Thalera fimbrialis,34.8358462579548,41.2467214746789,1,41.2467214746789
Thecla betulae,61.676630235722,44.3725071898679,1,44.3725071898679
Thera britannica,20.9061098430532,27.6604682720185,2,27.6604682720185
Thera cembrae,23.3478808279835,24.4795058265245,1,24.4795058265245
Thera cognata,15.7291360376521,14.2174449515896,1,14.2174449515896
Thera cupressata,15.9402760366192,27.1381945426967,2,27.1381945426967
Thera juniperata,12.1354959571655,20.239087836941,1,20.239087836941
Thera obeliscata,18.0100699143821,25.1650729799896,1.5,25.1650729799896
Thera variata,16.1783762517685,18.5683841243779,2.5,18.5683841243779
Thera vetustata,13.9069314488078,17.1129360461246,2,17.1129360461246
Thetidia plusiaria,21.2934061259341,45.2101745613871,2.5,45.2101745613871
Thetidia smaragdaria,32.1592593310881,53.3375816841274,1.5,53.3375816841274
Thymelicus acteon,42.3876250286763,58.3150355831623,1,58.3150355831623
Thymelicus hyrax,58.9883391565619,85.370906867484,1,85.370906867484
Thymelicus lineola,54.3620593475328,54.6158395072297,1,54.6158395072297
Thymelicus sylvestris,63.6129952730834,68.4989020244632,1,68.4989020244632
Timandra comae,25.3560499424313,20.2763558626673,2,20.2763558626673
Timandra griseata,21.814993137599,27.5136501596874,1,27.5136501596874
Tomares ballus,29.8570983703343,30.9483463537135,1,30.9483463537135
Tomares nogelii,37.8000382589929,23.3412054407817,1,23.3412054407817
Trichopteryx carpinata,17.2503717481259,19.8483964477844,1,19.8483964477844
Trichopteryx polycommata,17.4995374804725,11.7141216829668,1,11.7141216829668
Triphosa dubitata,70.9108022809439,76.0416668811247,1,76.0416668811247
Triphosa sabaudiata,75.2832051045761,104.15809379845,1,104.15809379845
Triphosa tauteli,68.3827563387574,99.5053704873112,1,99.5053704873112
Ultraaricia anteros,20.0906698661206,13.0291864614668,2,13.0291864614668
Vacciniia opilete,16.5273276954172,13.9635023295403,1,13.9635023295403
Venusia blomeri,9.5703946333862,12.9472486438592,1,12.9472486438592
Venusia cambrica,14.3471071326087,12.3615243816167,1,12.3615243816167
Xanthorhoe abrasaria,15.3262297140342,16.9165316307914,1,16.9165316307914
Xanthorhoe annotinata,22.1014985218629,18.2752215077309,1,18.2752215077309
Xanthorhoe biriviata,20.0607563109191,21.487831821193,2,21.487831821193
Xanthorhoe decoloraria,21.4654989114205,20.4073085254438,1,20.4073085254438
Xanthorhoe designata,19.3978745344982,19.3887474709182,2,19.3887474709182
Xanthorhoe ferrugata,19.9367826397748,17.5413711482926,2,17.5413711482926
Xanthorhoe fluctuata,21.7343149851077,28.0645229887825,1.5,28.0645229887825
Xanthorhoe friedrichi,15.6416327594966,12.4424956490877,1,12.4424956490877
Xanthorhoe incursata,18.2940061590388,37.0161709083907,1,37.0161709083907
Xanthorhoe montanata,22.0519219014308,21.8309641023395,1,21.8309641023395
Xanthorhoe oxybiata,22.5073518225551,18.2112653398326,2,18.2112653398326
Xanthorhoe quadrifasiata,36.5448252628291,33.1244183076836,1,33.1244183076836
Xanthorhoe vidanoi,9.33863394129187,13.7838171057511,2,13.7838171057511
Xenochlorodes olympiaria,10.1907292731272,17.3538529736445,2,17.3538529736445
Zegris eupheme,63.1393090524275,103.581422739158,1,103.581422739158
Zerynthia cerisy,146.693795580456,112.523871984512,1,112.523871984512
Zerynthia polyxena,83.4461609141225,134.926814047913,1,134.926814047913
Zerynthia rumina,73.235920641768,100.214189851606,1,100.214189851606
Zizeeria knysna,12.6808671779172,10.6391855714801,3,10.6391855714801
